2650,GM ABHIMANYU MISHRA
2469,IM EDDY TIAN
2307,ANSH SHAH
2271,NATHANIEL PHILIP MOOR
2267,MR. ESHAN GUHA
2153,SHAWN L WANG
2110,ROMAN GOLDOVSKY
2051,VINCENT TANG
2011,WILL LUO
1989,TARIQ YUE
1986,MAXWELL GEORG WANG
1958,ADVAITH KOLLIPARA
1947,ERIC SHENG WU
1931,BENJAMIN FRANCIS LAUER
1910,OLIVIA LAIDO
1899,ARIV DEBMISRA
1875,NOAH XU
1822,VASISHTA SREE TUMULURI
1802,AAYANSH PRAMANIK
1760,ALAN Z LIANG
1746,RAYANSH MONDAL CHAKRABORTY
1724,WILLIAM CIGE
1715,BRYCE JOSIAH BIBELHEIMER
1703,LOUIS ZHANG
1700,SRIHARI NALLAN CHAKRAVARTHI
1653,BRIAN QU
1649,TANAY PARRIPATI
1642,SHYLA RANA
1632,JONAH NOAM KUTIKOV
1618,ERICK MATTHEW HOXTER
1616,ROHIT BALAJI
1570,EREN BERK BATIR
1561,DILLAN HOBBY
1557,MR. SANKAR VELLAIPANDIAN
1542,RAHUL NARAYANAN
1540,DANIEL GOLDOVSKY
1536,AMOGH KOLLIPARA
1532,YAJAT GUPTA
1522,HAOKAI CAO
1519,PEYTON STEVENSON LAROSA
1518,TERRY T LIANG
1497,CARTER WILLIAM GILL
1410,DARSHAN GOKULRAJ
1383,LEON LUO
1377,EITAN BEN KOPPELMAN
1376,RIDHIMA MISHRA
1369,MATT MACKINNON
1364,ANTHONY CHARLES LAYNE
1330,OLIVIA RYERSON
1307,LIAM JESUNAS
1264,PRANAYAA JEYARAMAN
1223,MICHAEL MCCORMICK
1213,ANDREW MICHAEL DEVLIN
1200,EVAN YE CARR
1180,SID SENTHILVEL
1169,ATREYA JARIWALA
1167,JACK MATHEUSSEN
1166,RISHIK BHATTACHARYYA
1141,JEFFREY YANG
1131,PANZIO SOLOMON BLOCKER SR.
1118,TANMAY A NAIK
1114,ARJUN SANKAR
1098,ABHIRAM VADIGURI
1095,MATTHEW HOROWITZ
1084,AARIKA SHARMA
1083,DUSTIN YOUNG
1079,MR. MICHAEL C FARLEY
1068,MICHAEL CHRISTOPHER SURALIK
1067,RAPHAEL LOUIS BORENTAIN
1012,BLAKE GOLDSTEIN
986,GURMAN SINGH
982,MR. RATAN KONDA
972,BRIAN MIAO
967,DANE RIEGEL
958,CHRISTIAN RYERSON
948,JACK LUCKIE
942,AYAN PRASAD JOSHI
937,HAASYA PUTUMBAKA
932,DEREK ZHENG
928,ANDREW ROWAN
919,OWEN ZALCMANN
917,RAJEETH NADIG
894,SAURAV AVVA
893,JACKSON SHOFF
891,MR. SHANE WITKOWSKI
875,MAX PU
871,NAMISH BANSAL
867,RITHIK RAO
866,DARSH PARMAR
854,JOSHUA PAUL HOFFMANN
820,PATRICK MCGLAUGHLIN
792,SRIRAM MARNI
760,ZACH MIRMINA
755,FELIX FENG
754,DAVID CARTAGENA
739,NOAH FRANCIS PRATE
739,CHASE LIU
739,ARTEMY BARKAN
731,ANAY LODHAVIA
730,ALEXANDER TIMOTHY HILLIARD
721,JAYDON STINSON
698,ANAND CHALLA
697,VINCENT QIU
661,YUVAN PUTUMBAKA
654,AINESH PAUL
653,SEAN LEE
653,DAKSHIN ARAVIDAKUMAR
636,SAIKRISH MURUGAPPAN
633,ETHAN EMPAYNADO
619,LEON SZNAJDER
607,REYANSH SHARMA
604,NIKOLAS REIN
603,SAMUEL CUPERSMITH
597,NOAH BORG
591,MAX RIVIELLO
590,CLARE MCGLAUGHLIN
580,MR. DANIEL KISU KIM
577,ANSH LODHAVIA
533,LEVI HARTMAN
523,VIHAAN KHARE
504,KRISTINA GOLDOVSKY
500,ALBERT WANG
490,MATTHEW RUSSO
485,ANSH JAGGI
470,SAKSHAM PRASAD
467,KHRITHIV HARICHARAN
456,JASON YANG
456,JASMINE DECLET
445,HARISH LOGANATHAN
443,MILIN PATEL
442,MATTHEW PARK
441,REESE JAMES PASCAL
431,ZOEY PAN
421,ETHAN WANG
403,ROHAN PATEL
395,ETHAN MCANDREW
385,LUKE PIERGROSSI
354,ADAM SABBAH
351,RYON SENTHIL
321,JOSHUA REZNICK
320,DYLAN MARABELLA
309,PRACHET PADHY
296,MARTIN BACHSTEIN
278,KEVIN KABACHNIK
277,GAVIN DRUDING
274,ROHAN MATHUR
267,JASON P LIN
256,AARON SHARMA
247,PAUL MCGLAUGHLIN
241,ROHAN SUBRAMANIAN
224,AAVIN SOMAN
202,CONNOR HUBER
185,ADHISH RAVIKUMAR
183,MASON DOESCHER
151,ALESSIA BACHSTEIN
137,VRAJ PARIKH
108,OLGA ORESHKO
106,LUCAS HUBER
106,ASHER HU
